{
  "plx_file": "//Nagoya_AMCBNAS2/wakelab7/okita/whisker_analysis/20260114-1_Wildtype_S1BF/260114-5_Wildtype_S1BF_positoin2_900_wisker/260114-5_Wildtype_S1BF_positoin2_900_wisker.plx",
  "output_dir": "//Nagoya_AMCBNAS2/wakelab7/okita/whisker_analysis/20260114-1_Wildtype_S1BF/0203解析fir/3",
  "n_sessions": "9",
  "n_stim_per_session": "10",
  "baseline_pre_sec": "3.0",
  "post_duration_sec": "3.0",
  "filter_enabled": true,
  "filter_type": "fir",
  "filter_lowcut": "0.1",
  "filter_highcut": "100.0",
  "filter_order": "4",
  "filter_fir_numtaps": "0",
  "notch_enabled": true,
  "notch_freq": "60.0",
  "notch_Q": "80.0",
  "harmonic_removal_enabled": true,
  "harmonic_fundamental": "10.0",
  "harmonic_count": "4",
  "harmonic_q": "200.0",
  "noise_removal_enabled": false,
  "noise_file": "",
  "noise_threshold_db": "10.0",
  "bad_channel_detection": true,
  "bad_channel_threshold": "3.0",
  "manual_bad_channels": "",
  "motion_analysis": true,
  "motion_roi": "",
  "motion_percentile": "75.0",
  "motion_expand_sec": "0.1",
  "ica_enabled": true,
  "ica_noise_ratio_threshold": "1.5",
  "ica_max_remove": "4",
  "fft_freq_max": "150.0",
  "power_freq_min": "100",
  "power_freq_max": "100.0",
  "wavelet_enabled": false,
  "wavelet_start": "0.0",
  "wavelet_end": "0",
  "wavelet_freq_min": "1.0",
  "wavelet_freq_max": "100.0",
  "wavelet_n_freqs": "50",
  "wavelet_single": false,
  "wavelet_all": false,
  "wavelet_channel": "0",
  "show_plots": true,
  "save_plots": true,
  "plot_t_start": "0",
  "plot_t_end": "0",
  "processing_overview": true,
  "power_analysis": true,
  "channel_heatmap": true,
  "ica_components": true,
  "fft_comparison": true,
  "lfp_regions": true,
  "edge_check": false,
  "save_summary_csv": true,
  "save_channel_csv": true,
  "save_results_npz": false,
  "save_processed_npz": false,
  "create_sync_video": true,
  "sync_video_start": "75",
  "sync_video_end": "95",
  "verbose": true,
  "bands": {
    "delta": [
      1.0,
      4.0
    ],
    "theta": [
      4.0,
      8.0
    ],
    "alpha": [
      8.0,
      14.0
    ],
    "beta": [
      14.0,
      30.0
    ],
    "gamma": [
      30.0,
      59.0
    ],
    "gamma2": [
      61.0,
      80.0
    ]
  }
}